year,era,round,race_name,team,driver,teammate,pair,pit_duration_s,lap_number
2024,2022-2024,1,Bahrain Grand Prix,Alpine,GAS,OCO,GAS-OCO,29.802,12.0
2024,2022-2024,1,Bahrain Grand Prix,Alpine,GAS,OCO,GAS-OCO,26.536,31.0
2024,2022-2024,1,Bahrain Grand Prix,Alpine,GAS,OCO,GAS-OCO,25.107,43.0
2024,2022-2024,1,Bahrain Grand Prix,Alpine,OCO,GAS,GAS-OCO,24.691,10.0
2024,2022-2024,1,Bahrain Grand Prix,Alpine,OCO,GAS,GAS-OCO,25.13,30.0
2024,2022-2024,1,Bahrain Grand Prix,Aston Martin,ALO,STR,ALO-STR,24.862,15.0
2024,2022-2024,1,Bahrain Grand Prix,Aston Martin,ALO,STR,ALO-STR,25.061,41.0
2024,2022-2024,1,Bahrain Grand Prix,Aston Martin,STR,ALO,ALO-STR,24.354,9.0
2024,2022-2024,1,Bahrain Grand Prix,Aston Martin,STR,ALO,ALO-STR,24.42,27.0
2024,2022-2024,1,Bahrain Grand Prix,Ferrari,LEC,SAI,LEC-SAI,24.048,11.0
2024,2022-2024,1,Bahrain Grand Prix,Ferrari,LEC,SAI,LEC-SAI,24.081,34.0
2024,2022-2024,1,Bahrain Grand Prix,Ferrari,SAI,LEC,LEC-SAI,24.58,14.0
2024,2022-2024,1,Bahrain Grand Prix,Ferrari,SAI,LEC,LEC-SAI,23.886,35.0
2024,2022-2024,1,Bahrain Grand Prix,Haas F1 Team,HUL,MAG,HUL-MAG,36.563,1.0
2024,2022-2024,1,Bahrain Grand Prix,Haas F1 Team,HUL,MAG,HUL-MAG,24.613,20.0
2024,2022-2024,1,Bahrain Grand Prix,Haas F1 Team,HUL,MAG,HUL-MAG,24.333,41.0
2024,2022-2024,1,Bahrain Grand Prix,Haas F1 Team,MAG,HUL,HUL-MAG,25.897,11.0
2024,2022-2024,1,Bahrain Grand Prix,Haas F1 Team,MAG,HUL,HUL-MAG,24.557,32.0
2024,2022-2024,1,Bahrain Grand Prix,Kick Sauber,BOT,ZHO,BOT-ZHO,26.566,12.0
2024,2022-2024,1,Bahrain Grand Prix,Kick Sauber,ZHO,BOT,BOT-ZHO,25.141,9.0
2024,2022-2024,1,Bahrain Grand Prix,Kick Sauber,ZHO,BOT,BOT-ZHO,24.983,28.0
2024,2022-2024,1,Bahrain Grand Prix,McLaren,NOR,PIA,NOR-PIA,24.11,13.0
2024,2022-2024,1,Bahrain Grand Prix,McLaren,NOR,PIA,NOR-PIA,24.8,33.0
2024,2022-2024,1,Bahrain Grand Prix,McLaren,PIA,NOR,NOR-PIA,25.416,12.0
2024,2022-2024,1,Bahrain Grand Prix,McLaren,PIA,NOR,NOR-PIA,24.794,34.0
2024,2022-2024,1,Bahrain Grand Prix,Mercedes,HAM,RUS,HAM-RUS,25.064,12.0
2024,2022-2024,1,Bahrain Grand Prix,Mercedes,HAM,RUS,HAM-RUS,24.119,33.0
2024,2022-2024,1,Bahrain Grand Prix,Mercedes,RUS,HAM,HAM-RUS,24.766,11.0
2024,2022-2024,1,Bahrain Grand Prix,Mercedes,RUS,HAM,HAM-RUS,24.95,31.0
2024,2022-2024,1,Bahrain Grand Prix,RB,RIC,TSU,RIC-TSU,24.591,13.0
2024,2022-2024,1,Bahrain Grand Prix,RB,RIC,TSU,RIC-TSU,24.769,35.0
2024,2022-2024,1,Bahrain Grand Prix,RB,TSU,RIC,RIC-TSU,24.673000000000002,14.0
2024,2022-2024,1,Bahrain Grand Prix,RB,TSU,RIC,RIC-TSU,24.598,34.0
2024,2022-2024,1,Bahrain Grand Prix,Red Bull Racing,PER,VER,PER-VER,24.493,12.0
2024,2022-2024,1,Bahrain Grand Prix,Red Bull Racing,PER,VER,PER-VER,24.423,36.0
2024,2022-2024,1,Bahrain Grand Prix,Red Bull Racing,VER,PER,PER-VER,25.088,17.0
2024,2022-2024,1,Bahrain Grand Prix,Red Bull Racing,VER,PER,PER-VER,24.218,37.0
2024,2022-2024,1,Bahrain Grand Prix,Williams,ALB,SAR,ALB-SAR,24.779,15.0
2024,2022-2024,1,Bahrain Grand Prix,Williams,ALB,SAR,ALB-SAR,24.682,36.0
2024,2022-2024,1,Bahrain Grand Prix,Williams,SAR,ALB,ALB-SAR,35.725,10.0
2024,2022-2024,1,Bahrain Grand Prix,Williams,SAR,ALB,ALB-SAR,25.143,28.0
2024,2022-2024,1,Bahrain Grand Prix,Williams,SAR,ALB,ALB-SAR,25.429,40.0
2024,2022-2024,2,Saudi Arabian Grand Prix,Aston Martin,ALO,STR,ALO-STR,22.24,7.0
2024,2022-2024,2,Saudi Arabian Grand Prix,Ferrari,BEA,LEC,BEA-LEC,22.453,7.0
2024,2022-2024,2,Saudi Arabian Grand Prix,Ferrari,LEC,BEA,BEA-LEC,23.374,7.0
2024,2022-2024,2,Saudi Arabian Grand Prix,Haas F1 Team,HUL,MAG,HUL-MAG,21.107,33.0
2024,2022-2024,2,Saudi Arabian Grand Prix,Haas F1 Team,MAG,HUL,HUL-MAG,21.46,7.0
2024,2022-2024,2,Saudi Arabian Grand Prix,Kick Sauber,BOT,ZHO,BOT-ZHO,22.682,7.0
2024,2022-2024,2,Saudi Arabian Grand Prix,Kick Sauber,BOT,ZHO,BOT-ZHO,23.262,35.0
2024,2022-2024,2,Saudi Arabian Grand Prix,Kick Sauber,ZHO,BOT,BOT-ZHO,46.349,41.0
2024,2022-2024,2,Saudi Arabian Grand Prix,McLaren,NOR,PIA,NOR-PIA,22.266,37.0
2024,2022-2024,2,Saudi Arabian Grand Prix,McLaren,PIA,NOR,NOR-PIA,21.379,7.0
2024,2022-2024,2,Saudi Arabian Grand Prix,Mercedes,HAM,RUS,HAM-RUS,20.236,36.0
2024,2022-2024,2,Saudi Arabian Grand Prix,Mercedes,RUS,HAM,HAM-RUS,21.004,7.0
2024,2022-2024,2,Saudi Arabian Grand Prix,RB,TSU,RIC,RIC-TSU,21.74,7.0
2024,2022-2024,2,Saudi Arabian Grand Prix,Red Bull Racing,PER,VER,PER-VER,22.243,7.0
2024,2022-2024,2,Saudi Arabian Grand Prix,Red Bull Racing,VER,PER,PER-VER,20.668,7.0
2024,2022-2024,2,Saudi Arabian Grand Prix,Williams,ALB,SAR,ALB-SAR,21.633,7.0
2024,2022-2024,2,Saudi Arabian Grand Prix,Williams,SAR,ALB,ALB-SAR,23.717,7.0
2024,2022-2024,3,Australian Grand Prix,Alpine,GAS,OCO,GAS-OCO,20.245,17.0
2024,2022-2024,3,Australian Grand Prix,Alpine,GAS,OCO,GAS-OCO,17.575,41.0
2024,2022-2024,3,Australian Grand Prix,Alpine,OCO,GAS,GAS-OCO,18.313,9.0
2024,2022-2024,3,Australian Grand Prix,Alpine,OCO,GAS,GAS-OCO,30.508,16.0
2024,2022-2024,3,Australian Grand Prix,Alpine,OCO,GAS,GAS-OCO,17.794,42.0
2024,2022-2024,3,Australian Grand Prix,Aston Martin,ALO,STR,ALO-STR,18.141,17.0
2024,2022-2024,3,Australian Grand Prix,Aston Martin,ALO,STR,ALO-STR,17.816,41.0
2024,2022-2024,3,Australian Grand Prix,Aston Martin,STR,ALO,ALO-STR,17.75,8.0
2024,2022-2024,3,Australian Grand Prix,Aston Martin,STR,ALO,ALO-STR,17.83,37.0
2024,2022-2024,3,Australian Grand Prix,Ferrari,LEC,SAI,LEC-SAI,17.174,9.0
2024,2022-2024,3,Australian Grand Prix,Ferrari,LEC,SAI,LEC-SAI,17.213,34.0
2024,2022-2024,3,Australian Grand Prix,Ferrari,SAI,LEC,LEC-SAI,17.519,16.0
2024,2022-2024,3,Australian Grand Prix,Ferrari,SAI,LEC,LEC-SAI,17.705,41.0
2024,2022-2024,3,Australian Grand Prix,Haas F1 Team,HUL,MAG,HUL-MAG,18.218,17.0
2024,2022-2024,3,Australian Grand Prix,Haas F1 Team,HUL,MAG,HUL-MAG,18.102,35.0
2024,2022-2024,3,Australian Grand Prix,Haas F1 Team,MAG,HUL,HUL-MAG,18.213,7.0
2024,2022-2024,3,Australian Grand Prix,Haas F1 Team,MAG,HUL,HUL-MAG,18.078,33.0
2024,2022-2024,3,Australian Grand Prix,Kick Sauber,BOT,ZHO,BOT-ZHO,46.918,8.0
2024,2022-2024,3,Australian Grand Prix,Kick Sauber,BOT,ZHO,BOT-ZHO,18.87,36.0
2024,2022-2024,3,Australian Grand Prix,Kick Sauber,ZHO,BOT,BOT-ZHO,18.945,6.0
2024,2022-2024,3,Australian Grand Prix,Kick Sauber,ZHO,BOT,BOT-ZHO,36.696,35.0
2024,2022-2024,3,Australian Grand Prix,McLaren,NOR,PIA,NOR-PIA,17.822,14.0
2024,2022-2024,3,Australian Grand Prix,McLaren,NOR,PIA,NOR-PIA,17.621,40.0
2024,2022-2024,3,Australian Grand Prix,McLaren,PIA,NOR,NOR-PIA,17.274,9.0
2024,2022-2024,3,Australian Grand Prix,McLaren,PIA,NOR,NOR-PIA,18.426,39.0
2024,2022-2024,3,Australian Grand Prix,Mercedes,HAM,RUS,HAM-RUS,17.543,7.0
2024,2022-2024,3,Australian Grand Prix,Mercedes,RUS,HAM,HAM-RUS,17.943,8.0
2024,2022-2024,3,Australian Grand Prix,Mercedes,RUS,HAM,HAM-RUS,17.795,45.0
2024,2022-2024,3,Australian Grand Prix,RB,RIC,TSU,RIC-TSU,18.142,5.0
2024,2022-2024,3,Australian Grand Prix,RB,RIC,TSU,RIC-TSU,17.6,29.0
2024,2022-2024,3,Australian Grand Prix,RB,TSU,RIC,RIC-TSU,18.525,9.0
2024,2022-2024,3,Australian Grand Prix,RB,TSU,RIC,RIC-TSU,17.478,36.0
2024,2022-2024,3,Australian Grand Prix,Red Bull Racing,PER,VER,PER-VER,17.96,14.0
2024,2022-2024,3,Australian Grand Prix,Red Bull Racing,PER,VER,PER-VER,17.19,35.0
2024,2022-2024,4,Japanese Grand Prix,Alpine,GAS,OCO,GAS-OCO,23.816,16.0
2024,2022-2024,4,Japanese Grand Prix,Alpine,GAS,OCO,GAS-OCO,23.025,32.0
2024,2022-2024,4,Japanese Grand Prix,Alpine,OCO,GAS,GAS-OCO,23.205,19.0
2024,2022-2024,4,Japanese Grand Prix,Alpine,OCO,GAS,GAS-OCO,24.065,33.0
2024,2022-2024,4,Japanese Grand Prix,Aston Martin,ALO,STR,ALO-STR,23.001,13.0
2024,2022-2024,4,Japanese Grand Prix,Aston Martin,ALO,STR,ALO-STR,23.096,33.0
2024,2022-2024,4,Japanese Grand Prix,Aston Martin,STR,ALO,ALO-STR,23.302,12.0
2024,2022-2024,4,Japanese Grand Prix,Aston Martin,STR,ALO,ALO-STR,23.258,22.0
2024,2022-2024,4,Japanese Grand Prix,Aston Martin,STR,ALO,ALO-STR,22.848,34.0
2024,2022-2024,4,Japanese Grand Prix,Ferrari,LEC,SAI,LEC-SAI,23.266,26.0
2024,2022-2024,4,Japanese Grand Prix,Ferrari,SAI,LEC,LEC-SAI,23.113,15.0
2024,2022-2024,4,Japanese Grand Prix,Ferrari,SAI,LEC,LEC-SAI,23.407,36.0
2024,2022-2024,4,Japanese Grand Prix,Haas F1 Team,HUL,MAG,HUL-MAG,23.683,5.0
2024,2022-2024,4,Japanese Grand Prix,Haas F1 Team,HUL,MAG,HUL-MAG,24.127,33.0
2024,2022-2024,4,Japanese Grand Prix,Haas F1 Team,MAG,HUL,HUL-MAG,26.196,22.0
2024,2022-2024,4,Japanese Grand Prix,Kick Sauber,BOT,ZHO,BOT-ZHO,24.683,6.0
2024,2022-2024,4,Japanese Grand Prix,Kick Sauber,BOT,ZHO,BOT-ZHO,25.861,22.0
2024,2022-2024,4,Japanese Grand Prix,Kick Sauber,ZHO,BOT,BOT-ZHO,23.779,7.0
2024,2022-2024,4,Japanese Grand Prix,Kick Sauber,ZHO,BOT,BOT-ZHO,26.788,11.0
2024,2022-2024,4,Japanese Grand Prix,McLaren,NOR,PIA,NOR-PIA,22.922,11.0
2024,2022-2024,4,Japanese Grand Prix,McLaren,NOR,PIA,NOR-PIA,23.338,26.0
2024,2022-2024,4,Japanese Grand Prix,McLaren,PIA,NOR,NOR-PIA,23.445,12.0
2024,2022-2024,4,Japanese Grand Prix,McLaren,PIA,NOR,NOR-PIA,22.646,32.0
2024,2022-2024,4,Japanese Grand Prix,Mercedes,HAM,RUS,HAM-RUS,23.345,23.0
2024,2022-2024,4,Japanese Grand Prix,Mercedes,HAM,RUS,HAM-RUS,23.814,39.0
2024,2022-2024,4,Japanese Grand Prix,Mercedes,RUS,HAM,HAM-RUS,23.396,22.0
2024,2022-2024,4,Japanese Grand Prix,Mercedes,RUS,HAM,HAM-RUS,22.968,37.0
2024,2022-2024,4,Japanese Grand Prix,Red Bull Racing,PER,VER,PER-VER,22.928,15.0
2024,2022-2024,4,Japanese Grand Prix,Red Bull Racing,PER,VER,PER-VER,22.904,33.0
2024,2022-2024,4,Japanese Grand Prix,Red Bull Racing,VER,PER,PER-VER,23.125,16.0
2024,2022-2024,4,Japanese Grand Prix,Red Bull Racing,VER,PER,PER-VER,23.152,34.0
2024,2022-2024,5,Chinese Grand Prix,Alpine,GAS,OCO,GAS-OCO,39.612,11.0
2024,2022-2024,5,Chinese Grand Prix,Alpine,GAS,OCO,GAS-OCO,24.031,23.0
2024,2022-2024,5,Chinese Grand Prix,Alpine,GAS,OCO,GAS-OCO,22.729,38.0
2024,2022-2024,5,Chinese Grand Prix,Alpine,OCO,GAS,GAS-OCO,22.984,9.0
2024,2022-2024,5,Chinese Grand Prix,Alpine,OCO,GAS,GAS-OCO,23.169,23.0
2024,2022-2024,5,Chinese Grand Prix,Aston Martin,ALO,STR,ALO-STR,22.927,11.0
2024,2022-2024,5,Chinese Grand Prix,Aston Martin,ALO,STR,ALO-STR,22.623,23.0
2024,2022-2024,5,Chinese Grand Prix,Aston Martin,ALO,STR,ALO-STR,23.157,43.0
2024,2022-2024,5,Chinese Grand Prix,Aston Martin,STR,ALO,ALO-STR,23.783,9.0
2024,2022-2024,5,Chinese Grand Prix,Aston Martin,STR,ALO,ALO-STR,22.922,21.0
2024,2022-2024,5,Chinese Grand Prix,Aston Martin,STR,ALO,ALO-STR,34.703,35.0
2024,2022-2024,5,Chinese Grand Prix,Ferrari,LEC,SAI,LEC-SAI,22.21,21.0
2024,2022-2024,5,Chinese Grand Prix,Ferrari,SAI,LEC,LEC-SAI,22.55,17.0
2024,2022-2024,5,Chinese Grand Prix,Haas F1 Team,HUL,MAG,HUL-MAG,22.995,8.0
2024,2022-2024,5,Chinese Grand Prix,Haas F1 Team,HUL,MAG,HUL-MAG,23.379,23.0
2024,2022-2024,5,Chinese Grand Prix,Haas F1 Team,MAG,HUL,HUL-MAG,22.913,17.0
2024,2022-2024,5,Chinese Grand Prix,Haas F1 Team,MAG,HUL,HUL-MAG,25.849,27.0
2024,2022-2024,5,Chinese Grand Prix,Kick Sauber,BOT,ZHO,BOT-ZHO,22.97,9.0
2024,2022-2024,5,Chinese Grand Prix,Kick Sauber,ZHO,BOT,BOT-ZHO,23.244,8.0
2024,2022-2024,5,Chinese Grand Prix,Kick Sauber,ZHO,BOT,BOT-ZHO,25.578,23.0
2024,2022-2024,5,Chinese Grand Prix,Kick Sauber,ZHO,BOT,BOT-ZHO,23.285,40.0
2024,2022-2024,5,Chinese Grand Prix,McLaren,NOR,PIA,NOR-PIA,22.226,22.0
2024,2022-2024,5,Chinese Grand Prix,McLaren,PIA,NOR,NOR-PIA,22.614,16.0
2024,2022-2024,5,Chinese Grand Prix,McLaren,PIA,NOR,NOR-PIA,22.177,24.0
2024,2022-2024,5,Chinese Grand Prix,Mercedes,HAM,RUS,HAM-RUS,22.348,9.0
2024,2022-2024,5,Chinese Grand Prix,Mercedes,HAM,RUS,HAM-RUS,22.549,21.0
2024,2022-2024,5,Chinese Grand Prix,Mercedes,RUS,HAM,HAM-RUS,22.462,11.0
2024,2022-2024,5,Chinese Grand Prix,Mercedes,RUS,HAM,HAM-RUS,22.65,23.0
2024,2022-2024,5,Chinese Grand Prix,RB,RIC,TSU,RIC-TSU,22.652,14.0
2024,2022-2024,5,Chinese Grand Prix,RB,TSU,RIC,RIC-TSU,23.059,8.0
2024,2022-2024,5,Chinese Grand Prix,RB,TSU,RIC,RIC-TSU,22.427,23.0
2024,2022-2024,5,Chinese Grand Prix,Red Bull Racing,PER,VER,PER-VER,21.957,13.0
2024,2022-2024,5,Chinese Grand Prix,Red Bull Racing,PER,VER,PER-VER,22.379,23.0
2024,2022-2024,5,Chinese Grand Prix,Red Bull Racing,VER,PER,PER-VER,22.572,13.0
2024,2022-2024,5,Chinese Grand Prix,Red Bull Racing,VER,PER,PER-VER,22.223,23.0
2024,2022-2024,5,Chinese Grand Prix,Williams,ALB,SAR,ALB-SAR,23.177,9.0
2024,2022-2024,5,Chinese Grand Prix,Williams,ALB,SAR,ALB-SAR,23.516,23.0
2024,2022-2024,5,Chinese Grand Prix,Williams,SAR,ALB,ALB-SAR,23.225,12.0
2024,2022-2024,5,Chinese Grand Prix,Williams,SAR,ALB,ALB-SAR,22.661,24.0
2024,2022-2024,6,Miami Grand Prix,Alpine,GAS,OCO,GAS-OCO,22.522,12.0
2024,2022-2024,6,Miami Grand Prix,Alpine,OCO,GAS,GAS-OCO,22.743,22.0
2024,2022-2024,6,Miami Grand Prix,Aston Martin,ALO,STR,ALO-STR,22.358,22.0
2024,2022-2024,6,Miami Grand Prix,Aston Martin,STR,ALO,ALO-STR,23.015,11.0
2024,2022-2024,6,Miami Grand Prix,Aston Martin,STR,ALO,ALO-STR,22.661,28.0
2024,2022-2024,6,Miami Grand Prix,Ferrari,LEC,SAI,LEC-SAI,21.795,19.0
2024,2022-2024,6,Miami Grand Prix,Ferrari,SAI,LEC,LEC-SAI,23.091,27.0
2024,2022-2024,6,Miami Grand Prix,Haas F1 Team,HUL,MAG,HUL-MAG,23.08,12.0
2024,2022-2024,6,Miami Grand Prix,Haas F1 Team,HUL,MAG,HUL-MAG,22.521,28.0
2024,2022-2024,6,Miami Grand Prix,Haas F1 Team,MAG,HUL,HUL-MAG,23.29,22.0
2024,2022-2024,6,Miami Grand Prix,Haas F1 Team,MAG,HUL,HUL-MAG,29.655,28.0
2024,2022-2024,6,Miami Grand Prix,Haas F1 Team,MAG,HUL,HUL-MAG,30.673000000000002,31.0
2024,2022-2024,6,Miami Grand Prix,Kick Sauber,BOT,ZHO,BOT-ZHO,23.696,11.0
2024,2022-2024,6,Miami Grand Prix,Kick Sauber,BOT,ZHO,BOT-ZHO,22.785,29.0
2024,2022-2024,6,Miami Grand Prix,Kick Sauber,ZHO,BOT,BOT-ZHO,23.025,28.0
2024,2022-2024,6,Miami Grand Prix,McLaren,NOR,PIA,NOR-PIA,22.052,29.0
2024,2022-2024,6,Miami Grand Prix,McLaren,PIA,NOR,NOR-PIA,22.158,27.0
2024,2022-2024,6,Miami Grand Prix,McLaren,PIA,NOR,NOR-PIA,30.25,40.0
2024,2022-2024,6,Miami Grand Prix,Mercedes,HAM,RUS,HAM-RUS,22.135,26.0
2024,2022-2024,6,Miami Grand Prix,Mercedes,RUS,HAM,HAM-RUS,22.848,24.0
2024,2022-2024,6,Miami Grand Prix,RB,RIC,TSU,RIC-TSU,22.635,28.0
2024,2022-2024,6,Miami Grand Prix,RB,TSU,RIC,RIC-TSU,22.233,28.0
2024,2022-2024,6,Miami Grand Prix,Red Bull Racing,PER,VER,PER-VER,21.742,17.0
2024,2022-2024,6,Miami Grand Prix,Red Bull Racing,PER,VER,PER-VER,22.518,28.0
2024,2022-2024,6,Miami Grand Prix,Red Bull Racing,VER,PER,PER-VER,22.249,23.0
2024,2022-2024,6,Miami Grand Prix,Williams,ALB,SAR,ALB-SAR,22.68,10.0
2024,2022-2024,6,Miami Grand Prix,Williams,ALB,SAR,ALB-SAR,22.446,53.0
2024,2022-2024,6,Miami Grand Prix,Williams,SAR,ALB,ALB-SAR,22.529,11.0
2024,2022-2024,7,Emilia Romagna Grand Prix,Alpine,GAS,OCO,GAS-OCO,30.119,8.0
2024,2022-2024,7,Emilia Romagna Grand Prix,Alpine,GAS,OCO,GAS-OCO,30.576,30.0
2024,2022-2024,7,Emilia Romagna Grand Prix,Alpine,OCO,GAS,GAS-OCO,30.67,25.0
2024,2022-2024,7,Emilia Romagna Grand Prix,Aston Martin,ALO,STR,ALO-STR,31.355,7.0
2024,2022-2024,7,Emilia Romagna Grand Prix,Aston Martin,ALO,STR,ALO-STR,30.475,40.0
2024,2022-2024,7,Emilia Romagna Grand Prix,Aston Martin,ALO,STR,ALO-STR,29.94,59.0
2024,2022-2024,7,Emilia Romagna Grand Prix,Aston Martin,STR,ALO,ALO-STR,30.128,37.0
2024,2022-2024,7,Emilia Romagna Grand Prix,Ferrari,LEC,SAI,LEC-SAI,30.232,25.0
2024,2022-2024,7,Emilia Romagna Grand Prix,Ferrari,SAI,LEC,LEC-SAI,30.464,27.0
2024,2022-2024,7,Emilia Romagna Grand Prix,Haas F1 Team,HUL,MAG,HUL-MAG,29.807,13.0
2024,2022-2024,7,Emilia Romagna Grand Prix,Haas F1 Team,MAG,HUL,HUL-MAG,31.311,37.0
2024,2022-2024,7,Emilia Romagna Grand Prix,Kick Sauber,BOT,ZHO,BOT-ZHO,30.274,8.0
2024,2022-2024,7,Emilia Romagna Grand Prix,Kick Sauber,ZHO,BOT,BOT-ZHO,30.2,33.0
2024,2022-2024,7,Emilia Romagna Grand Prix,McLaren,NOR,PIA,NOR-PIA,29.843,22.0
2024,2022-2024,7,Emilia Romagna Grand Prix,McLaren,PIA,NOR,NOR-PIA,29.721,23.0
2024,2022-2024,7,Emilia Romagna Grand Prix,Mercedes,HAM,RUS,HAM-RUS,29.603,27.0
2024,2022-2024,7,Emilia Romagna Grand Prix,Mercedes,RUS,HAM,HAM-RUS,29.767,21.0
2024,2022-2024,7,Emilia Romagna Grand Prix,Mercedes,RUS,HAM,HAM-RUS,29.707,52.0
2024,2022-2024,7,Emilia Romagna Grand Prix,RB,RIC,TSU,RIC-TSU,30.128,11.0
2024,2022-2024,7,Emilia Romagna Grand Prix,RB,TSU,RIC,RIC-TSU,29.763,12.0
2024,2022-2024,7,Emilia Romagna Grand Prix,Red Bull Racing,PER,VER,PER-VER,29.571,37.0
2024,2022-2024,7,Emilia Romagna Grand Prix,Red Bull Racing,VER,PER,PER-VER,30.289,24.0
2024,2022-2024,7,Emilia Romagna Grand Prix,Williams,ALB,SAR,ALB-SAR,30.173,8.0
2024,2022-2024,7,Emilia Romagna Grand Prix,Williams,ALB,SAR,ALB-SAR,33.153,9.0
2024,2022-2024,7,Emilia Romagna Grand Prix,Williams,ALB,SAR,ALB-SAR,38.395,23.0
2024,2022-2024,7,Emilia Romagna Grand Prix,Williams,ALB,SAR,ALB-SAR,31.082,28.0
2024,2022-2024,7,Emilia Romagna Grand Prix,Williams,SAR,ALB,ALB-SAR,31.082,31.0
2024,2022-2024,8,Monaco Grand Prix,Aston Martin,STR,ALO,ALO-STR,24.077,42.0
2024,2022-2024,8,Monaco Grand Prix,Aston Martin,STR,ALO,ALO-STR,28.125,48.0
2024,2022-2024,8,Monaco Grand Prix,Kick Sauber,BOT,ZHO,BOT-ZHO,24.267,15.0
2024,2022-2024,8,Monaco Grand Prix,Kick Sauber,ZHO,BOT,BOT-ZHO,24.448,70.0
2024,2022-2024,8,Monaco Grand Prix,Mercedes,HAM,RUS,HAM-RUS,24.091,51.0
2024,2022-2024,8,Monaco Grand Prix,Williams,SAR,ALB,ALB-SAR,24.381,57.0
2024,2022-2024,9,Canadian Grand Prix,Alpine,GAS,OCO,GAS-OCO,24.92,25.0
2024,2022-2024,9,Canadian Grand Prix,Alpine,GAS,OCO,GAS-OCO,24.551,40.0
2024,2022-2024,9,Canadian Grand Prix,Alpine,OCO,GAS,GAS-OCO,24.458,44.0
2024,2022-2024,9,Canadian Grand Prix,Aston Martin,ALO,STR,ALO-STR,25.907,25.0
2024,2022-2024,9,Canadian Grand Prix,Aston Martin,ALO,STR,ALO-STR,22.324,44.0
2024,2022-2024,9,Canadian Grand Prix,Aston Martin,STR,ALO,ALO-STR,24.281,25.0
2024,2022-2024,9,Canadian Grand Prix,Aston Martin,STR,ALO,ALO-STR,25.08,44.0
2024,2022-2024,9,Canadian Grand Prix,Ferrari,LEC,SAI,LEC-SAI,23.942,25.0
2024,2022-2024,9,Canadian Grand Prix,Ferrari,LEC,SAI,LEC-SAI,47.226,28.0
2024,2022-2024,9,Canadian Grand Prix,Ferrari,LEC,SAI,LEC-SAI,24.672,31.0
2024,2022-2024,9,Canadian Grand Prix,Ferrari,SAI,LEC,LEC-SAI,27.637,25.0
2024,2022-2024,9,Canadian Grand Prix,Ferrari,SAI,LEC,LEC-SAI,24.265,43.0
2024,2022-2024,9,Canadian Grand Prix,Haas F1 Team,HUL,MAG,HUL-MAG,24.229,12.0
2024,2022-2024,9,Canadian Grand Prix,Haas F1 Team,HUL,MAG,HUL-MAG,24.521,25.0
2024,2022-2024,9,Canadian Grand Prix,Haas F1 Team,HUL,MAG,HUL-MAG,24.699,44.0
2024,2022-2024,9,Canadian Grand Prix,Haas F1 Team,MAG,HUL,HUL-MAG,30.582,7.0
2024,2022-2024,9,Canadian Grand Prix,Haas F1 Team,MAG,HUL,HUL-MAG,26.771,25.0
2024,2022-2024,9,Canadian Grand Prix,Haas F1 Team,MAG,HUL,HUL-MAG,24.907,41.0
2024,2022-2024,9,Canadian Grand Prix,Haas F1 Team,MAG,HUL,HUL-MAG,26.914,54.0
2024,2022-2024,9,Canadian Grand Prix,Kick Sauber,BOT,ZHO,BOT-ZHO,24.83,42.0
2024,2022-2024,9,Canadian Grand Prix,Kick Sauber,ZHO,BOT,BOT-ZHO,25.709,24.0
2024,2022-2024,9,Canadian Grand Prix,Kick Sauber,ZHO,BOT,BOT-ZHO,28.424,52.0
2024,2022-2024,9,Canadian Grand Prix,McLaren,NOR,PIA,NOR-PIA,23.456,26.0
2024,2022-2024,9,Canadian Grand Prix,McLaren,NOR,PIA,NOR-PIA,23.975,47.0
2024,2022-2024,9,Canadian Grand Prix,McLaren,PIA,NOR,NOR-PIA,23.882,25.0
2024,2022-2024,9,Canadian Grand Prix,McLaren,PIA,NOR,NOR-PIA,23.449,44.0
2024,2022-2024,9,Canadian Grand Prix,Mercedes,HAM,RUS,HAM-RUS,23.772,25.0
2024,2022-2024,9,Canadian Grand Prix,Mercedes,HAM,RUS,HAM-RUS,24.103,43.0
2024,2022-2024,9,Canadian Grand Prix,Mercedes,HAM,RUS,HAM-RUS,28.852,54.0
2024,2022-2024,9,Canadian Grand Prix,Mercedes,RUS,HAM,HAM-RUS,24.136,25.0
2024,2022-2024,9,Canadian Grand Prix,Mercedes,RUS,HAM,HAM-RUS,25.459,45.0
2024,2022-2024,9,Canadian Grand Prix,Mercedes,RUS,HAM,HAM-RUS,28.225,54.0
2024,2022-2024,9,Canadian Grand Prix,RB,RIC,TSU,RIC-TSU,30.355,26.0
2024,2022-2024,9,Canadian Grand Prix,RB,RIC,TSU,RIC-TSU,23.774,43.0
2024,2022-2024,9,Canadian Grand Prix,RB,TSU,RIC,RIC-TSU,25.613,44.0
2024,2022-2024,9,Canadian Grand Prix,Red Bull Racing,PER,VER,PER-VER,33.802,25.0
2024,2022-2024,9,Canadian Grand Prix,Red Bull Racing,PER,VER,PER-VER,24.375,43.0
2024,2022-2024,9,Canadian Grand Prix,Red Bull Racing,VER,PER,PER-VER,24.247,25.0
2024,2022-2024,9,Canadian Grand Prix,Red Bull Racing,VER,PER,PER-VER,24.168,45.0
2024,2022-2024,9,Canadian Grand Prix,Williams,ALB,SAR,ALB-SAR,24.72,25.0
2024,2022-2024,9,Canadian Grand Prix,Williams,ALB,SAR,ALB-SAR,24.841,44.0
2024,2022-2024,10,Spanish Grand Prix,Alpine,GAS,OCO,GAS-OCO,26.1,14.0
2024,2022-2024,10,Spanish Grand Prix,Alpine,GAS,OCO,GAS-OCO,21.615,38.0
2024,2022-2024,10,Spanish Grand Prix,Alpine,OCO,GAS,GAS-OCO,21.859,13.0
2024,2022-2024,10,Spanish Grand Prix,Alpine,OCO,GAS,GAS-OCO,22.002,37.0
2024,2022-2024,10,Spanish Grand Prix,Aston Martin,ALO,STR,ALO-STR,21.891,19.0
2024,2022-2024,10,Spanish Grand Prix,Aston Martin,ALO,STR,ALO-STR,22.466,45.0
2024,2022-2024,10,Spanish Grand Prix,Aston Martin,STR,ALO,ALO-STR,21.792,17.0
2024,2022-2024,10,Spanish Grand Prix,Aston Martin,STR,ALO,ALO-STR,23.394,37.0
2024,2022-2024,10,Spanish Grand Prix,Ferrari,LEC,SAI,LEC-SAI,22.276,24.0
2024,2022-2024,10,Spanish Grand Prix,Ferrari,LEC,SAI,LEC-SAI,21.589,47.0
2024,2022-2024,10,Spanish Grand Prix,Ferrari,SAI,LEC,LEC-SAI,22.31,15.0
2024,2022-2024,10,Spanish Grand Prix,Ferrari,SAI,LEC,LEC-SAI,22.133,36.0
2024,2022-2024,10,Spanish Grand Prix,Haas F1 Team,HUL,MAG,HUL-MAG,22.646,12.0
2024,2022-2024,10,Spanish Grand Prix,Haas F1 Team,HUL,MAG,HUL-MAG,22.544,38.0
2024,2022-2024,10,Spanish Grand Prix,Haas F1 Team,MAG,HUL,HUL-MAG,23.386,10.0
2024,2022-2024,10,Spanish Grand Prix,Haas F1 Team,MAG,HUL,HUL-MAG,28.754,29.0
2024,2022-2024,10,Spanish Grand Prix,Kick Sauber,BOT,ZHO,BOT-ZHO,22.747,11.0
2024,2022-2024,10,Spanish Grand Prix,Kick Sauber,BOT,ZHO,BOT-ZHO,23.082,28.0
2024,2022-2024,10,Spanish Grand Prix,Kick Sauber,ZHO,BOT,BOT-ZHO,22.465,9.0
2024,2022-2024,10,Spanish Grand Prix,Kick Sauber,ZHO,BOT,BOT-ZHO,24.245,41.0
2024,2022-2024,10,Spanish Grand Prix,McLaren,NOR,PIA,NOR-PIA,21.442,23.0
2024,2022-2024,10,Spanish Grand Prix,McLaren,NOR,PIA,NOR-PIA,22.628,47.0
2024,2022-2024,10,Spanish Grand Prix,McLaren,PIA,NOR,NOR-PIA,22.144,21.0
2024,2022-2024,10,Spanish Grand Prix,McLaren,PIA,NOR,NOR-PIA,22.511,46.0
2024,2022-2024,10,Spanish Grand Prix,Mercedes,HAM,RUS,HAM-RUS,21.97,16.0
2024,2022-2024,10,Spanish Grand Prix,Mercedes,HAM,RUS,HAM-RUS,21.276,43.0
2024,2022-2024,10,Spanish Grand Prix,Mercedes,RUS,HAM,HAM-RUS,24.925,15.0
2024,2022-2024,10,Spanish Grand Prix,Mercedes,RUS,HAM,HAM-RUS,22.773,36.0
2024,2022-2024,10,Spanish Grand Prix,RB,RIC,TSU,RIC-TSU,22.253,16.0
2024,2022-2024,10,Spanish Grand Prix,RB,RIC,TSU,RIC-TSU,22.14,42.0
2024,2022-2024,10,Spanish Grand Prix,RB,TSU,RIC,RIC-TSU,22.003,9.0
2024,2022-2024,10,Spanish Grand Prix,RB,TSU,RIC,RIC-TSU,22.068,27.0
2024,2022-2024,10,Spanish Grand Prix,RB,TSU,RIC,RIC-TSU,22.548000000000002,44.0
2024,2022-2024,10,Spanish Grand Prix,Red Bull Racing,PER,VER,PER-VER,22.185,13.0
2024,2022-2024,10,Spanish Grand Prix,Red Bull Racing,PER,VER,PER-VER,21.355,31.0
2024,2022-2024,10,Spanish Grand Prix,Red Bull Racing,PER,VER,PER-VER,21.437,49.0
2024,2022-2024,10,Spanish Grand Prix,Red Bull Racing,VER,PER,PER-VER,21.593,17.0
2024,2022-2024,10,Spanish Grand Prix,Red Bull Racing,VER,PER,PER-VER,22.381,44.0
2024,2022-2024,10,Spanish Grand Prix,Williams,ALB,SAR,ALB-SAR,23.183,18.0
2024,2022-2024,10,Spanish Grand Prix,Williams,ALB,SAR,ALB-SAR,21.783,43.0
2024,2022-2024,10,Spanish Grand Prix,Williams,SAR,ALB,ALB-SAR,22.414,14.0
2024,2022-2024,10,Spanish Grand Prix,Williams,SAR,ALB,ALB-SAR,22.435,34.0
2024,2022-2024,11,Austrian Grand Prix,Alpine,GAS,OCO,GAS-OCO,21.413,20.0
2024,2022-2024,11,Austrian Grand Prix,Alpine,GAS,OCO,GAS-OCO,22.138,42.0
2024,2022-2024,11,Austrian Grand Prix,Alpine,OCO,GAS,GAS-OCO,22.306,19.0
2024,2022-2024,11,Austrian Grand Prix,Alpine,OCO,GAS,GAS-OCO,21.148,43.0
2024,2022-2024,11,Austrian Grand Prix,Aston Martin,ALO,STR,ALO-STR,21.438,11.0
2024,2022-2024,11,Austrian Grand Prix,Aston Martin,ALO,STR,ALO-STR,34.022,35.0
2024,2022-2024,11,Austrian Grand Prix,Aston Martin,ALO,STR,ALO-STR,22.507,68.0
2024,2022-2024,11,Austrian Grand Prix,Aston Martin,STR,ALO,ALO-STR,21.476,20.0
2024,2022-2024,11,Austrian Grand Prix,Aston Martin,STR,ALO,ALO-STR,21.526,43.0
2024,2022-2024,11,Austrian Grand Prix,Ferrari,LEC,SAI,LEC-SAI,31.935,1.0
2024,2022-2024,11,Austrian Grand Prix,Ferrari,LEC,SAI,LEC-SAI,21.635,16.0
2024,2022-2024,11,Austrian Grand Prix,Ferrari,LEC,SAI,LEC-SAI,22.234,33.0
2024,2022-2024,11,Austrian Grand Prix,Ferrari,LEC,SAI,LEC-SAI,20.785,51.0
2024,2022-2024,11,Austrian Grand Prix,Ferrari,SAI,LEC,LEC-SAI,21.205,22.0
2024,2022-2024,11,Austrian Grand Prix,Ferrari,SAI,LEC,LEC-SAI,21.148,47.0
2024,2022-2024,11,Austrian Grand Prix,Haas F1 Team,HUL,MAG,HUL-MAG,22.367,11.0
2024,2022-2024,11,Austrian Grand Prix,Haas F1 Team,HUL,MAG,HUL-MAG,21.75,39.0
2024,2022-2024,11,Austrian Grand Prix,Haas F1 Team,MAG,HUL,HUL-MAG,21.57,10.0
2024,2022-2024,11,Austrian Grand Prix,Haas F1 Team,MAG,HUL,HUL-MAG,21.736,38.0
2024,2022-2024,11,Austrian Grand Prix,Kick Sauber,BOT,ZHO,BOT-ZHO,21.927,19.0
2024,2022-2024,11,Austrian Grand Prix,Kick Sauber,BOT,ZHO,BOT-ZHO,21.937,42.0
2024,2022-2024,11,Austrian Grand Prix,Kick Sauber,ZHO,BOT,BOT-ZHO,23.164,28.0
2024,2022-2024,11,Austrian Grand Prix,Kick Sauber,ZHO,BOT,BOT-ZHO,21.538,51.0
2024,2022-2024,11,Austrian Grand Prix,McLaren,NOR,PIA,NOR-PIA,21.518,23.0
2024,2022-2024,11,Austrian Grand Prix,McLaren,NOR,PIA,NOR-PIA,21.4,51.0
2024,2022-2024,11,Austrian Grand Prix,McLaren,PIA,NOR,NOR-PIA,20.996,25.0
2024,2022-2024,11,Austrian Grand Prix,McLaren,PIA,NOR,NOR-PIA,20.693,51.0
2024,2022-2024,11,Austrian Grand Prix,Mercedes,HAM,RUS,HAM-RUS,21.653,21.0
2024,2022-2024,11,Austrian Grand Prix,Mercedes,HAM,RUS,HAM-RUS,27.276,53.0
2024,2022-2024,11,Austrian Grand Prix,Mercedes,RUS,HAM,HAM-RUS,21.596,22.0
2024,2022-2024,11,Austrian Grand Prix,Mercedes,RUS,HAM,HAM-RUS,21.298,46.0
2024,2022-2024,11,Austrian Grand Prix,RB,RIC,TSU,RIC-TSU,21.439,10.0
2024,2022-2024,11,Austrian Grand Prix,RB,RIC,TSU,RIC-TSU,20.914,37.0
2024,2022-2024,11,Austrian Grand Prix,RB,TSU,RIC,RIC-TSU,21.431,21.0
2024,2022-2024,11,Austrian Grand Prix,RB,TSU,RIC,RIC-TSU,23.496,44.0
2024,2022-2024,11,Austrian Grand Prix,Red Bull Racing,PER,VER,PER-VER,21.086,21.0
2024,2022-2024,11,Austrian Grand Prix,Red Bull Racing,PER,VER,PER-VER,27.56,51.0
2024,2022-2024,11,Austrian Grand Prix,Red Bull Racing,VER,PER,PER-VER,22.101,23.0
2024,2022-2024,11,Austrian Grand Prix,Red Bull Racing,VER,PER,PER-VER,25.918,51.0
2024,2022-2024,11,Austrian Grand Prix,Red Bull Racing,VER,PER,PER-VER,22.743,64.0
2024,2022-2024,11,Austrian Grand Prix,Williams,ALB,SAR,ALB-SAR,21.729,12.0
2024,2022-2024,11,Austrian Grand Prix,Williams,ALB,SAR,ALB-SAR,21.668,39.0
2024,2022-2024,11,Austrian Grand Prix,Williams,SAR,ALB,ALB-SAR,31.705,1.0
2024,2022-2024,11,Austrian Grand Prix,Williams,SAR,ALB,ALB-SAR,22.482,20.0
2024,2022-2024,11,Austrian Grand Prix,Williams,SAR,ALB,ALB-SAR,22.162,49.0
2024,2022-2024,12,British Grand Prix,Aston Martin,ALO,STR,ALO-STR,29.378,27.0
2024,2022-2024,12,British Grand Prix,Aston Martin,ALO,STR,ALO-STR,29.719,38.0
2024,2022-2024,12,British Grand Prix,Aston Martin,STR,ALO,ALO-STR,29.055,26.0
2024,2022-2024,12,British Grand Prix,Aston Martin,STR,ALO,ALO-STR,29.434,39.0
2024,2022-2024,12,British Grand Prix,Ferrari,LEC,SAI,LEC-SAI,28.545,19.0
2024,2022-2024,12,British Grand Prix,Ferrari,LEC,SAI,LEC-SAI,29.206,27.0
2024,2022-2024,12,British Grand Prix,Ferrari,LEC,SAI,LEC-SAI,29.079,37.0
2024,2022-2024,12,British Grand Prix,Ferrari,SAI,LEC,LEC-SAI,29.266,26.0
2024,2022-2024,12,British Grand Prix,Ferrari,SAI,LEC,LEC-SAI,28.927,39.0
2024,2022-2024,12,British Grand Prix,Ferrari,SAI,LEC,LEC-SAI,28.671,50.0
2024,2022-2024,12,British Grand Prix,Haas F1 Team,HUL,MAG,HUL-MAG,29.459,26.0
2024,2022-2024,12,British Grand Prix,Haas F1 Team,HUL,MAG,HUL-MAG,30.464,39.0
2024,2022-2024,12,British Grand Prix,Haas F1 Team,MAG,HUL,HUL-MAG,30.165,27.0
2024,2022-2024,12,British Grand Prix,Haas F1 Team,MAG,HUL,HUL-MAG,29.884,37.0
2024,2022-2024,12,British Grand Prix,Kick Sauber,BOT,ZHO,BOT-ZHO,30.597,26.0
2024,2022-2024,12,British Grand Prix,Kick Sauber,BOT,ZHO,BOT-ZHO,31.512,37.0
2024,2022-2024,12,British Grand Prix,Kick Sauber,ZHO,BOT,BOT-ZHO,29.143,12.0
2024,2022-2024,12,British Grand Prix,Kick Sauber,ZHO,BOT,BOT-ZHO,29.896,19.0
2024,2022-2024,12,British Grand Prix,Kick Sauber,ZHO,BOT,BOT-ZHO,29.073,26.0
2024,2022-2024,12,British Grand Prix,Kick Sauber,ZHO,BOT,BOT-ZHO,32.983,37.0
2024,2022-2024,12,British Grand Prix,McLaren,NOR,PIA,NOR-PIA,28.743,27.0
2024,2022-2024,12,British Grand Prix,McLaren,NOR,PIA,NOR-PIA,30.361,39.0
2024,2022-2024,12,British Grand Prix,McLaren,PIA,NOR,NOR-PIA,29.595,28.0
2024,2022-2024,12,British Grand Prix,McLaren,PIA,NOR,NOR-PIA,29.341,38.0
2024,2022-2024,12,British Grand Prix,Mercedes,HAM,RUS,HAM-RUS,28.989,27.0
2024,2022-2024,12,British Grand Prix,Mercedes,HAM,RUS,HAM-RUS,30.037,38.0
2024,2022-2024,12,British Grand Prix,Mercedes,RUS,HAM,HAM-RUS,32.139,27.0
2024,2022-2024,12,British Grand Prix,RB,RIC,TSU,RIC-TSU,28.811,26.0
2024,2022-2024,12,British Grand Prix,RB,RIC,TSU,RIC-TSU,29.966,37.0
2024,2022-2024,12,British Grand Prix,RB,TSU,RIC,RIC-TSU,29.94,27.0
2024,2022-2024,12,British Grand Prix,RB,TSU,RIC,RIC-TSU,29.681,38.0
2024,2022-2024,12,British Grand Prix,Red Bull Racing,PER,VER,PER-VER,28.303,19.0
2024,2022-2024,12,British Grand Prix,Red Bull Racing,PER,VER,PER-VER,32.366,28.0
2024,2022-2024,12,British Grand Prix,Red Bull Racing,PER,VER,PER-VER,29.196,37.0
2024,2022-2024,12,British Grand Prix,Red Bull Racing,PER,VER,PER-VER,28.895,47.0
2024,2022-2024,12,British Grand Prix,Red Bull Racing,VER,PER,PER-VER,28.466,26.0
2024,2022-2024,12,British Grand Prix,Red Bull Racing,VER,PER,PER-VER,29.156,38.0
2024,2022-2024,12,British Grand Prix,Williams,ALB,SAR,ALB-SAR,34.753,27.0
2024,2022-2024,12,British Grand Prix,Williams,ALB,SAR,ALB-SAR,29.515,38.0
2024,2022-2024,12,British Grand Prix,Williams,SAR,ALB,ALB-SAR,32.857,27.0
2024,2022-2024,12,British Grand Prix,Williams,SAR,ALB,ALB-SAR,29.435,38.0
2024,2022-2024,13,Hungarian Grand Prix,Alpine,GAS,OCO,GAS-OCO,21.397,28.0
2024,2022-2024,13,Hungarian Grand Prix,Alpine,OCO,GAS,GAS-OCO,21.942,6.0
2024,2022-2024,13,Hungarian Grand Prix,Alpine,OCO,GAS,GAS-OCO,21.375,30.0
2024,2022-2024,13,Hungarian Grand Prix,Alpine,OCO,GAS,GAS-OCO,21.169,64.0
2024,2022-2024,13,Hungarian Grand Prix,Aston Martin,ALO,STR,ALO-STR,22.538,7.0
2024,2022-2024,13,Hungarian Grand Prix,Aston Martin,ALO,STR,ALO-STR,21.879,37.0
2024,2022-2024,13,Hungarian Grand Prix,Aston Martin,STR,ALO,ALO-STR,23.375,14.0
2024,2022-2024,13,Hungarian Grand Prix,Aston Martin,STR,ALO,ALO-STR,22.378,45.0
2024,2022-2024,13,Hungarian Grand Prix,Ferrari,LEC,SAI,LEC-SAI,21.872,23.0
2024,2022-2024,13,Hungarian Grand Prix,Ferrari,LEC,SAI,LEC-SAI,21.653,40.0
2024,2022-2024,13,Hungarian Grand Prix,Ferrari,SAI,LEC,LEC-SAI,21.545,21.0
2024,2022-2024,13,Hungarian Grand Prix,Ferrari,SAI,LEC,LEC-SAI,21.487,47.0
2024,2022-2024,13,Hungarian Grand Prix,Haas F1 Team,HUL,MAG,HUL-MAG,22.364,2.0
2024,2022-2024,13,Hungarian Grand Prix,Haas F1 Team,HUL,MAG,HUL-MAG,22.566,29.0
2024,2022-2024,13,Hungarian Grand Prix,Haas F1 Team,MAG,HUL,HUL-MAG,21.891,6.0
2024,2022-2024,13,Hungarian Grand Prix,Haas F1 Team,MAG,HUL,HUL-MAG,22.485,34.0
2024,2022-2024,13,Hungarian Grand Prix,Kick Sauber,BOT,ZHO,BOT-ZHO,22.136,16.0
2024,2022-2024,13,Hungarian Grand Prix,Kick Sauber,BOT,ZHO,BOT-ZHO,21.897,45.0
2024,2022-2024,13,Hungarian Grand Prix,Kick Sauber,ZHO,BOT,BOT-ZHO,21.931,7.0
2024,2022-2024,13,Hungarian Grand Prix,Kick Sauber,ZHO,BOT,BOT-ZHO,22.177,36.0
2024,2022-2024,13,Hungarian Grand Prix,McLaren,NOR,PIA,NOR-PIA,21.726,17.0
2024,2022-2024,13,Hungarian Grand Prix,McLaren,NOR,PIA,NOR-PIA,21.279,45.0
2024,2022-2024,13,Hungarian Grand Prix,McLaren,PIA,NOR,NOR-PIA,21.672,18.0
2024,2022-2024,13,Hungarian Grand Prix,McLaren,PIA,NOR,NOR-PIA,21.856,47.0
2024,2022-2024,13,Hungarian Grand Prix,Mercedes,HAM,RUS,HAM-RUS,21.313,16.0
2024,2022-2024,13,Hungarian Grand Prix,Mercedes,HAM,RUS,HAM-RUS,21.93,40.0
2024,2022-2024,13,Hungarian Grand Prix,Mercedes,RUS,HAM,HAM-RUS,21.376,33.0
2024,2022-2024,13,Hungarian Grand Prix,Mercedes,RUS,HAM,HAM-RUS,21.315,53.0
2024,2022-2024,13,Hungarian Grand Prix,RB,RIC,TSU,RIC-TSU,21.08,7.0
2024,2022-2024,13,Hungarian Grand Prix,RB,RIC,TSU,RIC-TSU,21.394,28.0
2024,2022-2024,13,Hungarian Grand Prix,RB,TSU,RIC,RIC-TSU,21.478,29.0
2024,2022-2024,13,Hungarian Grand Prix,Red Bull Racing,PER,VER,PER-VER,21.323,28.0
2024,2022-2024,13,Hungarian Grand Prix,Red Bull Racing,PER,VER,PER-VER,21.06,47.0
2024,2022-2024,13,Hungarian Grand Prix,Red Bull Racing,VER,PER,PER-VER,22.243,21.0
2024,2022-2024,13,Hungarian Grand Prix,Red Bull Racing,VER,PER,PER-VER,21.329,49.0
2024,2022-2024,13,Hungarian Grand Prix,Williams,ALB,SAR,ALB-SAR,22.081,6.0
2024,2022-2024,13,Hungarian Grand Prix,Williams,ALB,SAR,ALB-SAR,23.581,29.0
2024,2022-2024,13,Hungarian Grand Prix,Williams,SAR,ALB,ALB-SAR,21.682,8.0
2024,2022-2024,13,Hungarian Grand Prix,Williams,SAR,ALB,ALB-SAR,21.421,33.0
2024,2022-2024,13,Hungarian Grand Prix,Williams,SAR,ALB,ALB-SAR,21.875,63.0
2024,2022-2024,14,Belgian Grand Prix,Alpine,GAS,OCO,GAS-OCO,23.017,9.0
2024,2022-2024,14,Belgian Grand Prix,Alpine,GAS,OCO,GAS-OCO,22.862,28.0
2024,2022-2024,14,Belgian Grand Prix,Alpine,OCO,GAS,GAS-OCO,23.447,12.0
2024,2022-2024,14,Belgian Grand Prix,Alpine,OCO,GAS,GAS-OCO,23.504,30.0
2024,2022-2024,14,Belgian Grand Prix,Aston Martin,ALO,STR,ALO-STR,23.116,13.0
2024,2022-2024,14,Belgian Grand Prix,Aston Martin,STR,ALO,ALO-STR,22.884,12.0
2024,2022-2024,14,Belgian Grand Prix,Ferrari,LEC,SAI,LEC-SAI,23.377,12.0
2024,2022-2024,14,Belgian Grand Prix,Ferrari,LEC,SAI,LEC-SAI,23.394,25.0
2024,2022-2024,14,Belgian Grand Prix,Ferrari,SAI,LEC,LEC-SAI,22.916,20.0
2024,2022-2024,14,Belgian Grand Prix,Ferrari,SAI,LEC,LEC-SAI,23.028,28.0
2024,2022-2024,14,Belgian Grand Prix,Haas F1 Team,HUL,MAG,HUL-MAG,23.557,7.0
2024,2022-2024,14,Belgian Grand Prix,Haas F1 Team,HUL,MAG,HUL-MAG,23.339,20.0
2024,2022-2024,14,Belgian Grand Prix,Haas F1 Team,MAG,HUL,HUL-MAG,23.58,17.0
2024,2022-2024,14,Belgian Grand Prix,Kick Sauber,BOT,ZHO,BOT-ZHO,23.196,11.0
2024,2022-2024,14,Belgian Grand Prix,Kick Sauber,BOT,ZHO,BOT-ZHO,23.076,35.0
2024,2022-2024,14,Belgian Grand Prix,McLaren,NOR,PIA,NOR-PIA,22.747,15.0
2024,2022-2024,14,Belgian Grand Prix,McLaren,NOR,PIA,NOR-PIA,22.613,29.0
2024,2022-2024,14,Belgian Grand Prix,McLaren,PIA,NOR,NOR-PIA,22.684,11.0
2024,2022-2024,14,Belgian Grand Prix,McLaren,PIA,NOR,NOR-PIA,24.244,30.0
2024,2022-2024,14,Belgian Grand Prix,Mercedes,HAM,RUS,HAM-RUS,23.198,11.0
2024,2022-2024,14,Belgian Grand Prix,Mercedes,HAM,RUS,HAM-RUS,22.665,26.0
2024,2022-2024,14,Belgian Grand Prix,Mercedes,RUS,HAM,HAM-RUS,22.684,10.0
2024,2022-2024,14,Belgian Grand Prix,RB,RIC,TSU,RIC-TSU,22.657,8.0
2024,2022-2024,14,Belgian Grand Prix,RB,RIC,TSU,RIC-TSU,22.231,21.0
2024,2022-2024,14,Belgian Grand Prix,RB,TSU,RIC,RIC-TSU,23.423,15.0
2024,2022-2024,14,Belgian Grand Prix,Red Bull Racing,PER,VER,PER-VER,22.637,11.0
2024,2022-2024,14,Belgian Grand Prix,Red Bull Racing,PER,VER,PER-VER,22.552,21.0
2024,2022-2024,14,Belgian Grand Prix,Red Bull Racing,PER,VER,PER-VER,22.716,42.0
2024,2022-2024,14,Belgian Grand Prix,Red Bull Racing,VER,PER,PER-VER,23.137,10.0
2024,2022-2024,14,Belgian Grand Prix,Red Bull Racing,VER,PER,PER-VER,22.928,28.0
2024,2022-2024,14,Belgian Grand Prix,Williams,ALB,SAR,ALB-SAR,23.493,8.0
2024,2022-2024,14,Belgian Grand Prix,Williams,ALB,SAR,ALB-SAR,22.88,23.0
2024,2022-2024,14,Belgian Grand Prix,Williams,SAR,ALB,ALB-SAR,23.267,8.0
2024,2022-2024,14,Belgian Grand Prix,Williams,SAR,ALB,ALB-SAR,23.574,24.0
2024,2022-2024,15,Dutch Grand Prix,Alpine,GAS,OCO,GAS-OCO,22.581,32.0
2024,2022-2024,15,Dutch Grand Prix,Alpine,OCO,GAS,GAS-OCO,21.033,30.0
2024,2022-2024,15,Dutch Grand Prix,Aston Martin,ALO,STR,ALO-STR,21.279,31.0
2024,2022-2024,15,Dutch Grand Prix,Aston Martin,STR,ALO,ALO-STR,21.642,30.0
2024,2022-2024,15,Dutch Grand Prix,Ferrari,LEC,SAI,LEC-SAI,20.821,24.0
2024,2022-2024,15,Dutch Grand Prix,Ferrari,SAI,LEC,LEC-SAI,20.686,30.0
2024,2022-2024,15,Dutch Grand Prix,Haas F1 Team,HUL,MAG,HUL-MAG,21.731,14.0
2024,2022-2024,15,Dutch Grand Prix,Haas F1 Team,MAG,HUL,HUL-MAG,21.391,40.0
2024,2022-2024,15,Dutch Grand Prix,Kick Sauber,BOT,ZHO,BOT-ZHO,20.739,15.0
2024,2022-2024,15,Dutch Grand Prix,Kick Sauber,BOT,ZHO,BOT-ZHO,21.156,43.0
2024,2022-2024,15,Dutch Grand Prix,Kick Sauber,ZHO,BOT,BOT-ZHO,21.17,18.0
2024,2022-2024,15,Dutch Grand Prix,Kick Sauber,ZHO,BOT,BOT-ZHO,22.026,51.0
2024,2022-2024,15,Dutch Grand Prix,McLaren,NOR,PIA,NOR-PIA,21.52,28.0
2024,2022-2024,15,Dutch Grand Prix,McLaren,PIA,NOR,NOR-PIA,21.079,33.0
2024,2022-2024,15,Dutch Grand Prix,Mercedes,HAM,RUS,HAM-RUS,21.146,23.0
2024,2022-2024,15,Dutch Grand Prix,Mercedes,HAM,RUS,HAM-RUS,21.091,48.0
2024,2022-2024,15,Dutch Grand Prix,Mercedes,RUS,HAM,HAM-RUS,21.656,25.0
2024,2022-2024,15,Dutch Grand Prix,Mercedes,RUS,HAM,HAM-RUS,21.055,54.0
2024,2022-2024,15,Dutch Grand Prix,RB,RIC,TSU,RIC-TSU,20.706,29.0
2024,2022-2024,15,Dutch Grand Prix,RB,TSU,RIC,RIC-TSU,21.192,14.0
2024,2022-2024,15,Dutch Grand Prix,RB,TSU,RIC,RIC-TSU,20.916,32.0
2024,2022-2024,15,Dutch Grand Prix,Red Bull Racing,PER,VER,PER-VER,22.992,29.0
2024,2022-2024,15,Dutch Grand Prix,Red Bull Racing,VER,PER,PER-VER,20.749,27.0
2024,2022-2024,15,Dutch Grand Prix,Williams,ALB,SAR,ALB-SAR,21.282,12.0
2024,2022-2024,15,Dutch Grand Prix,Williams,ALB,SAR,ALB-SAR,20.949,54.0
2024,2022-2024,15,Dutch Grand Prix,Williams,SAR,ALB,ALB-SAR,22.098,22.0
2024,2022-2024,16,Italian Grand Prix,Alpine,GAS,OCO,GAS-OCO,24.419,10.0
2024,2022-2024,16,Italian Grand Prix,Alpine,GAS,OCO,GAS-OCO,24.182,30.0
2024,2022-2024,16,Italian Grand Prix,Alpine,OCO,GAS,GAS-OCO,24.194,31.0
2024,2022-2024,16,Italian Grand Prix,Aston Martin,ALO,STR,ALO-STR,24.875,12.0
2024,2022-2024,16,Italian Grand Prix,Aston Martin,ALO,STR,ALO-STR,24.561,35.0
2024,2022-2024,16,Italian Grand Prix,Aston Martin,STR,ALO,ALO-STR,25.055,19.0
2024,2022-2024,16,Italian Grand Prix,Aston Martin,STR,ALO,ALO-STR,24.3,36.0
2024,2022-2024,16,Italian Grand Prix,Aston Martin,STR,ALO,ALO-STR,25.232,50.0
2024,2022-2024,16,Italian Grand Prix,Ferrari,LEC,SAI,LEC-SAI,24.419,15.0
2024,2022-2024,16,Italian Grand Prix,Ferrari,SAI,LEC,LEC-SAI,24.316,19.0
2024,2022-2024,16,Italian Grand Prix,Haas F1 Team,HUL,MAG,HUL-MAG,38.845,5.0
2024,2022-2024,16,Italian Grand Prix,Haas F1 Team,HUL,MAG,HUL-MAG,36.564,32.0
2024,2022-2024,16,Italian Grand Prix,Haas F1 Team,MAG,HUL,HUL-MAG,25.669,14.0
2024,2022-2024,16,Italian Grand Prix,Kick Sauber,BOT,ZHO,BOT-ZHO,24.475,33.0
2024,2022-2024,16,Italian Grand Prix,Kick Sauber,ZHO,BOT,BOT-ZHO,27.245,15.0
2024,2022-2024,16,Italian Grand Prix,McLaren,NOR,PIA,NOR-PIA,24.172,14.0
2024,2022-2024,16,Italian Grand Prix,McLaren,NOR,PIA,NOR-PIA,24.864,32.0
2024,2022-2024,16,Italian Grand Prix,McLaren,PIA,NOR,NOR-PIA,23.763,16.0
2024,2022-2024,16,Italian Grand Prix,McLaren,PIA,NOR,NOR-PIA,24.777,38.0
2024,2022-2024,16,Italian Grand Prix,Mercedes,HAM,RUS,HAM-RUS,24.789,15.0
2024,2022-2024,16,Italian Grand Prix,Mercedes,HAM,RUS,HAM-RUS,24.154,37.0
2024,2022-2024,16,Italian Grand Prix,Mercedes,RUS,HAM,HAM-RUS,32.727,11.0
2024,2022-2024,16,Italian Grand Prix,Mercedes,RUS,HAM,HAM-RUS,26.309,33.0
2024,2022-2024,16,Italian Grand Prix,RB,RIC,TSU,RIC-TSU,30.393,11.0
2024,2022-2024,16,Italian Grand Prix,Red Bull Racing,PER,VER,PER-VER,24.602,23.0
2024,2022-2024,16,Italian Grand Prix,Red Bull Racing,PER,VER,PER-VER,24.009,35.0
2024,2022-2024,16,Italian Grand Prix,Red Bull Racing,VER,PER,PER-VER,28.085,22.0
2024,2022-2024,16,Italian Grand Prix,Red Bull Racing,VER,PER,PER-VER,23.951999999999998,41.0
2024,2022-2024,16,Italian Grand Prix,Williams,ALB,COL,ALB-COL,24.8,17.0
2024,2022-2024,16,Italian Grand Prix,Williams,COL,ALB,ALB-COL,25.187,16.0
2024,2022-2024,17,Azerbaijan Grand Prix,Alpine,GAS,OCO,GAS-OCO,20.213,50.0
2024,2022-2024,17,Azerbaijan Grand Prix,Alpine,OCO,GAS,GAS-OCO,20.62,49.0
2024,2022-2024,17,Azerbaijan Grand Prix,Aston Martin,ALO,STR,ALO-STR,20.117,11.0
2024,2022-2024,17,Azerbaijan Grand Prix,Aston Martin,STR,ALO,ALO-STR,21.19,1.0
2024,2022-2024,17,Azerbaijan Grand Prix,Aston Martin,STR,ALO,ALO-STR,20.157,22.0
2024,2022-2024,17,Azerbaijan Grand Prix,Ferrari,LEC,SAI,LEC-SAI,20.867,16.0
2024,2022-2024,17,Azerbaijan Grand Prix,Ferrari,SAI,LEC,LEC-SAI,21.578,17.0
2024,2022-2024,17,Azerbaijan Grand Prix,Haas F1 Team,BEA,HUL,BEA-HUL,21.099,14.0
2024,2022-2024,17,Azerbaijan Grand Prix,Haas F1 Team,HUL,BEA,BEA-HUL,21.649,15.0
2024,2022-2024,17,Azerbaijan Grand Prix,Kick Sauber,BOT,ZHO,BOT-ZHO,20.082,11.0
2024,2022-2024,17,Azerbaijan Grand Prix,Kick Sauber,ZHO,BOT,BOT-ZHO,20.46,34.0
2024,2022-2024,17,Azerbaijan Grand Prix,McLaren,NOR,PIA,NOR-PIA,19.535,37.0
2024,2022-2024,17,Azerbaijan Grand Prix,McLaren,PIA,NOR,NOR-PIA,20.176,15.0
2024,2022-2024,17,Azerbaijan Grand Prix,Mercedes,HAM,RUS,HAM-RUS,21.302,12.0
2024,2022-2024,17,Azerbaijan Grand Prix,Mercedes,RUS,HAM,HAM-RUS,20.085,12.0
2024,2022-2024,17,Azerbaijan Grand Prix,RB,RIC,TSU,RIC-TSU,22.06,49.0
2024,2022-2024,17,Azerbaijan Grand Prix,RB,TSU,RIC,RIC-TSU,20.969,12.0
2024,2022-2024,17,Azerbaijan Grand Prix,Red Bull Racing,PER,VER,PER-VER,20.496,13.0
2024,2022-2024,17,Azerbaijan Grand Prix,Red Bull Racing,VER,PER,PER-VER,21.047,12.0
2024,2022-2024,17,Azerbaijan Grand Prix,Red Bull Racing,VER,PER,PER-VER,20.665,49.0
2024,2022-2024,17,Azerbaijan Grand Prix,Williams,ALB,COL,ALB-COL,20.333,31.0
2024,2022-2024,17,Azerbaijan Grand Prix,Williams,COL,ALB,ALB-COL,20.495,10.0
2024,2022-2024,18,Singapore Grand Prix,Alpine,GAS,OCO,GAS-OCO,31.669,37.0
2024,2022-2024,18,Singapore Grand Prix,Alpine,OCO,GAS,GAS-OCO,29.677,29.0
2024,2022-2024,18,Singapore Grand Prix,Aston Martin,ALO,STR,ALO-STR,29.682,25.0
2024,2022-2024,18,Singapore Grand Prix,Aston Martin,STR,ALO,ALO-STR,29.729,26.0
2024,2022-2024,18,Singapore Grand Prix,Ferrari,LEC,SAI,LEC-SAI,29.115,36.0
2024,2022-2024,18,Singapore Grand Prix,Ferrari,SAI,LEC,LEC-SAI,29.389,13.0
2024,2022-2024,18,Singapore Grand Prix,Haas F1 Team,HUL,MAG,HUL-MAG,29.661,29.0
2024,2022-2024,18,Singapore Grand Prix,Haas F1 Team,MAG,HUL,HUL-MAG,29.532,28.0
2024,2022-2024,18,Singapore Grand Prix,Haas F1 Team,MAG,HUL,HUL-MAG,31.156,49.0
2024,2022-2024,18,Singapore Grand Prix,Kick Sauber,BOT,ZHO,BOT-ZHO,30.611,33.0
2024,2022-2024,18,Singapore Grand Prix,Kick Sauber,ZHO,BOT,BOT-ZHO,29.552,34.0
2024,2022-2024,18,Singapore Grand Prix,McLaren,NOR,PIA,NOR-PIA,28.984,30.0
2024,2022-2024,18,Singapore Grand Prix,McLaren,PIA,NOR,NOR-PIA,29.1,38.0
2024,2022-2024,18,Singapore Grand Prix,Mercedes,HAM,RUS,HAM-RUS,29.278,17.0
2024,2022-2024,18,Singapore Grand Prix,Mercedes,RUS,HAM,HAM-RUS,28.713,27.0
2024,2022-2024,18,Singapore Grand Prix,RB,RIC,TSU,RIC-TSU,30.365,10.0
2024,2022-2024,18,Singapore Grand Prix,RB,RIC,TSU,RIC-TSU,29.168,46.0
2024,2022-2024,18,Singapore Grand Prix,RB,RIC,TSU,RIC-TSU,29.675,58.0
2024,2022-2024,18,Singapore Grand Prix,RB,TSU,RIC,RIC-TSU,29.8,33.0
2024,2022-2024,18,Singapore Grand Prix,Red Bull Racing,PER,VER,PER-VER,29.077,28.0
2024,2022-2024,18,Singapore Grand Prix,Red Bull Racing,VER,PER,PER-VER,29.681,29.0
2024,2022-2024,18,Singapore Grand Prix,Williams,ALB,COL,ALB-COL,29.116,11.0
2024,2022-2024,18,Singapore Grand Prix,Williams,COL,ALB,ALB-COL,29.954,29.0
2024,2022-2024,19,United States Grand Prix,Alpine,GAS,OCO,GAS-OCO,28.191,18.0
2024,2022-2024,19,United States Grand Prix,Alpine,OCO,GAS,GAS-OCO,24.078,31.0
2024,2022-2024,19,United States Grand Prix,Alpine,OCO,GAS,GAS-OCO,26.188,51.0
2024,2022-2024,19,United States Grand Prix,Aston Martin,ALO,STR,ALO-STR,24.327,26.0
2024,2022-2024,19,United States Grand Prix,Aston Martin,STR,ALO,ALO-STR,26.493,27.0
2024,2022-2024,19,United States Grand Prix,Ferrari,LEC,SAI,LEC-SAI,23.87,26.0
2024,2022-2024,19,United States Grand Prix,Ferrari,SAI,LEC,LEC-SAI,24.023,21.0
2024,2022-2024,19,United States Grand Prix,Haas F1 Team,HUL,MAG,HUL-MAG,24.218,27.0
2024,2022-2024,19,United States Grand Prix,Haas F1 Team,MAG,HUL,HUL-MAG,24.034,17.0
2024,2022-2024,19,United States Grand Prix,Haas F1 Team,MAG,HUL,HUL-MAG,24.01,38.0
2024,2022-2024,19,United States Grand Prix,Kick Sauber,BOT,ZHO,BOT-ZHO,24.462,15.0
2024,2022-2024,19,United States Grand Prix,Kick Sauber,ZHO,BOT,BOT-ZHO,24.398,13.0
2024,2022-2024,19,United States Grand Prix,Kick Sauber,ZHO,BOT,BOT-ZHO,24.911,35.0
2024,2022-2024,19,United States Grand Prix,McLaren,NOR,PIA,NOR-PIA,23.805,31.0
2024,2022-2024,19,United States Grand Prix,McLaren,PIA,NOR,NOR-PIA,24.194,32.0
2024,2022-2024,19,United States Grand Prix,RB,LAW,TSU,LAW-TSU,23.977,36.0
2024,2022-2024,19,United States Grand Prix,RB,TSU,LAW,LAW-TSU,24.39,18.0
2024,2022-2024,19,United States Grand Prix,Red Bull Racing,PER,VER,PER-VER,23.617,26.0
2024,2022-2024,19,United States Grand Prix,Red Bull Racing,VER,PER,PER-VER,24.392,25.0
2024,2022-2024,19,United States Grand Prix,Williams,ALB,COL,ALB-COL,34.92,3.0
2024,2022-2024,19,United States Grand Prix,Williams,ALB,COL,ALB-COL,24.373,33.0
2024,2022-2024,19,United States Grand Prix,Williams,COL,ALB,ALB-COL,24.024,39.0
2024,2022-2024,20,Mexico City Grand Prix,Alpine,GAS,OCO,GAS-OCO,23.278,28.0
2024,2022-2024,20,Mexico City Grand Prix,Alpine,OCO,GAS,GAS-OCO,23.223,48.0
2024,2022-2024,20,Mexico City Grand Prix,Aston Martin,STR,ALO,ALO-STR,22.556,26.0
2024,2022-2024,20,Mexico City Grand Prix,Ferrari,LEC,SAI,LEC-SAI,22.818,31.0
2024,2022-2024,20,Mexico City Grand Prix,Ferrari,LEC,SAI,LEC-SAI,22.826999999999998,69.0
2024,2022-2024,20,Mexico City Grand Prix,Ferrari,SAI,LEC,LEC-SAI,22.249,32.0
2024,2022-2024,20,Mexico City Grand Prix,Haas F1 Team,HUL,MAG,HUL-MAG,23.15,29.0
2024,2022-2024,20,Mexico City Grand Prix,Haas F1 Team,MAG,HUL,HUL-MAG,23.478,30.0
2024,2022-2024,20,Mexico City Grand Prix,Kick Sauber,BOT,ZHO,BOT-ZHO,22.596,49.0
2024,2022-2024,20,Mexico City Grand Prix,Kick Sauber,ZHO,BOT,BOT-ZHO,22.933,43.0
2024,2022-2024,20,Mexico City Grand Prix,McLaren,NOR,PIA,NOR-PIA,22.088,30.0
2024,2022-2024,20,Mexico City Grand Prix,McLaren,PIA,NOR,NOR-PIA,21.789,39.0
2024,2022-2024,20,Mexico City Grand Prix,Mercedes,HAM,RUS,HAM-RUS,22.492,28.0
2024,2022-2024,20,Mexico City Grand Prix,Mercedes,RUS,HAM,HAM-RUS,22.606,31.0
2024,2022-2024,20,Mexico City Grand Prix,Red Bull Racing,PER,VER,PER-VER,27.648,20.0
2024,2022-2024,20,Mexico City Grand Prix,Red Bull Racing,PER,VER,PER-VER,22.107,43.0
2024,2022-2024,20,Mexico City Grand Prix,Red Bull Racing,PER,VER,PER-VER,21.908,68.0
2024,2022-2024,20,Mexico City Grand Prix,Red Bull Racing,VER,PER,PER-VER,43.744,26.0
2024,2022-2024,21,São Paulo Grand Prix,Ferrari,LEC,SAI,LEC-SAI,24.6,24.0
2024,2022-2024,21,São Paulo Grand Prix,Ferrari,SAI,LEC,LEC-SAI,26.088,27.0
2024,2022-2024,21,São Paulo Grand Prix,Haas F1 Team,BEA,HUL,BEA-HUL,35.907,27.0
2024,2022-2024,21,São Paulo Grand Prix,Haas F1 Team,HUL,BEA,BEA-HUL,25.515,25.0
2024,2022-2024,21,São Paulo Grand Prix,Haas F1 Team,HUL,BEA,BEA-HUL,59.099,27.0
2024,2022-2024,21,São Paulo Grand Prix,Haas F1 Team,HUL,BEA,BEA-HUL,28.73,29.0
2024,2022-2024,21,São Paulo Grand Prix,Kick Sauber,ZHO,BOT,BOT-ZHO,25.414,27.0
2024,2022-2024,21,São Paulo Grand Prix,Kick Sauber,ZHO,BOT,BOT-ZHO,27.163,28.0
2024,2022-2024,21,São Paulo Grand Prix,McLaren,NOR,PIA,NOR-PIA,24.816,28.0
2024,2022-2024,21,São Paulo Grand Prix,McLaren,PIA,NOR,NOR-PIA,25.976,27.0
2024,2022-2024,21,São Paulo Grand Prix,Mercedes,HAM,RUS,HAM-RUS,25.254,27.0
2024,2022-2024,21,São Paulo Grand Prix,Mercedes,RUS,HAM,HAM-RUS,25.57,28.0
2024,2022-2024,21,São Paulo Grand Prix,RB,LAW,TSU,LAW-TSU,28.24,28.0
2024,2022-2024,21,São Paulo Grand Prix,RB,TSU,LAW,LAW-TSU,25.653,28.0
2024,2022-2024,21,São Paulo Grand Prix,Red Bull Racing,PER,VER,PER-VER,26.596,27.0
2024,2022-2024,22,Las Vegas Grand Prix,Alpine,GAS,OCO,GAS-OCO,22.457,10.0
2024,2022-2024,22,Las Vegas Grand Prix,Alpine,OCO,GAS,GAS-OCO,15.747,11.0
2024,2022-2024,22,Las Vegas Grand Prix,Alpine,OCO,GAS,GAS-OCO,21.074,12.0
2024,2022-2024,22,Las Vegas Grand Prix,Alpine,OCO,GAS,GAS-OCO,21.922,45.0
2024,2022-2024,22,Las Vegas Grand Prix,Aston Martin,ALO,STR,ALO-STR,21.321,4.0
2024,2022-2024,22,Las Vegas Grand Prix,Aston Martin,ALO,STR,ALO-STR,21.504,24.0
2024,2022-2024,22,Las Vegas Grand Prix,Aston Martin,STR,ALO,ALO-STR,34.785,9.0
2024,2022-2024,22,Las Vegas Grand Prix,Aston Martin,STR,ALO,ALO-STR,21.609,28.0
2024,2022-2024,22,Las Vegas Grand Prix,Ferrari,LEC,SAI,LEC-SAI,21.274,9.0
2024,2022-2024,22,Las Vegas Grand Prix,Ferrari,LEC,SAI,LEC-SAI,21.612,31.0
2024,2022-2024,22,Las Vegas Grand Prix,Ferrari,SAI,LEC,LEC-SAI,21.116,10.0
2024,2022-2024,22,Las Vegas Grand Prix,Ferrari,SAI,LEC,LEC-SAI,20.841,28.0
2024,2022-2024,22,Las Vegas Grand Prix,Haas F1 Team,HUL,MAG,HUL-MAG,21.555,14.0
2024,2022-2024,22,Las Vegas Grand Prix,Haas F1 Team,HUL,MAG,HUL-MAG,21.623,33.0
2024,2022-2024,22,Las Vegas Grand Prix,Haas F1 Team,MAG,HUL,HUL-MAG,21.967,17.0
2024,2022-2024,22,Las Vegas Grand Prix,Kick Sauber,BOT,ZHO,BOT-ZHO,21.328,17.0
2024,2022-2024,22,Las Vegas Grand Prix,Kick Sauber,BOT,ZHO,BOT-ZHO,22.789,35.0
2024,2022-2024,22,Las Vegas Grand Prix,Kick Sauber,ZHO,BOT,BOT-ZHO,22.978,11.0
2024,2022-2024,22,Las Vegas Grand Prix,Kick Sauber,ZHO,BOT,BOT-ZHO,21.7,34.0
2024,2022-2024,22,Las Vegas Grand Prix,McLaren,NOR,PIA,NOR-PIA,21.088,9.0
2024,2022-2024,22,Las Vegas Grand Prix,McLaren,NOR,PIA,NOR-PIA,20.662,30.0
2024,2022-2024,22,Las Vegas Grand Prix,McLaren,NOR,PIA,NOR-PIA,21.213,48.0
2024,2022-2024,22,Las Vegas Grand Prix,McLaren,PIA,NOR,NOR-PIA,27.791,10.0
2024,2022-2024,22,Las Vegas Grand Prix,McLaren,PIA,NOR,NOR-PIA,21.184,25.0
2024,2022-2024,22,Las Vegas Grand Prix,Mercedes,HAM,RUS,HAM-RUS,21.031,13.0
2024,2022-2024,22,Las Vegas Grand Prix,Mercedes,HAM,RUS,HAM-RUS,21.411,27.0
2024,2022-2024,22,Las Vegas Grand Prix,Mercedes,RUS,HAM,HAM-RUS,20.979,12.0
2024,2022-2024,22,Las Vegas Grand Prix,Mercedes,RUS,HAM,HAM-RUS,21.007,32.0
2024,2022-2024,22,Las Vegas Grand Prix,RB,LAW,TSU,LAW-TSU,21.241,11.0
2024,2022-2024,22,Las Vegas Grand Prix,RB,LAW,TSU,LAW-TSU,20.625,38.0
2024,2022-2024,22,Las Vegas Grand Prix,RB,TSU,LAW,LAW-TSU,21.289,10.0
2024,2022-2024,22,Las Vegas Grand Prix,RB,TSU,LAW,LAW-TSU,21.208,29.0
2024,2022-2024,22,Las Vegas Grand Prix,Red Bull Racing,PER,VER,PER-VER,21.42,17.0
2024,2022-2024,22,Las Vegas Grand Prix,Red Bull Racing,PER,VER,PER-VER,21.209,32.0
2024,2022-2024,22,Las Vegas Grand Prix,Red Bull Racing,VER,PER,PER-VER,20.77,11.0
2024,2022-2024,22,Las Vegas Grand Prix,Red Bull Racing,VER,PER,PER-VER,22.289,27.0
2024,2022-2024,22,Las Vegas Grand Prix,Williams,ALB,COL,ALB-COL,22.092,9.0
2024,2022-2024,22,Las Vegas Grand Prix,Williams,COL,ALB,ALB-COL,21.141,16.0
2024,2022-2024,22,Las Vegas Grand Prix,Williams,COL,ALB,ALB-COL,21.247,26.0
2024,2022-2024,23,Qatar Grand Prix,Aston Martin,ALO,STR,ALO-STR,28.754,35.0
2024,2022-2024,23,Qatar Grand Prix,Aston Martin,ALO,STR,ALO-STR,28.539,36.0
2024,2022-2024,23,Qatar Grand Prix,Aston Martin,ALO,STR,ALO-STR,32.661,37.0
2024,2022-2024,23,Qatar Grand Prix,Aston Martin,STR,ALO,ALO-STR,29.876,1.0
2024,2022-2024,23,Qatar Grand Prix,Aston Martin,STR,ALO,ALO-STR,42.02,7.0
2024,2022-2024,23,Qatar Grand Prix,Ferrari,LEC,SAI,LEC-SAI,28.431,35.0
2024,2022-2024,23,Qatar Grand Prix,Ferrari,LEC,SAI,LEC-SAI,25.662,36.0
2024,2022-2024,23,Qatar Grand Prix,Ferrari,LEC,SAI,LEC-SAI,29.286,37.0
2024,2022-2024,23,Qatar Grand Prix,Ferrari,SAI,LEC,LEC-SAI,36.129,34.0
2024,2022-2024,23,Qatar Grand Prix,Ferrari,SAI,LEC,LEC-SAI,22.658,36.0
2024,2022-2024,23,Qatar Grand Prix,Ferrari,SAI,LEC,LEC-SAI,34.312,37.0
2024,2022-2024,23,Qatar Grand Prix,Haas F1 Team,HUL,MAG,HUL-MAG,32.992,1.0
2024,2022-2024,23,Qatar Grand Prix,Haas F1 Team,HUL,MAG,HUL-MAG,28.342,31.0
2024,2022-2024,23,Qatar Grand Prix,Haas F1 Team,HUL,MAG,HUL-MAG,23.755,36.0
2024,2022-2024,23,Qatar Grand Prix,Haas F1 Team,HUL,MAG,HUL-MAG,37.717,37.0
2024,2022-2024,23,Qatar Grand Prix,Haas F1 Team,MAG,HUL,HUL-MAG,28.596,27.0
2024,2022-2024,23,Qatar Grand Prix,Haas F1 Team,MAG,HUL,HUL-MAG,22.808,36.0
2024,2022-2024,23,Qatar Grand Prix,Haas F1 Team,MAG,HUL,HUL-MAG,33.348,37.0
2024,2022-2024,23,Qatar Grand Prix,Kick Sauber,BOT,ZHO,BOT-ZHO,28.96,24.0
2024,2022-2024,23,Qatar Grand Prix,Kick Sauber,BOT,ZHO,BOT-ZHO,28.913,35.0
2024,2022-2024,23,Qatar Grand Prix,Kick Sauber,BOT,ZHO,BOT-ZHO,28.179,36.0
2024,2022-2024,23,Qatar Grand Prix,Kick Sauber,ZHO,BOT,BOT-ZHO,29.774,35.0
2024,2022-2024,23,Qatar Grand Prix,Kick Sauber,ZHO,BOT,BOT-ZHO,23.277,36.0
2024,2022-2024,23,Qatar Grand Prix,Kick Sauber,ZHO,BOT,BOT-ZHO,34.82,37.0
2024,2022-2024,23,Qatar Grand Prix,McLaren,NOR,PIA,NOR-PIA,28.067,35.0
2024,2022-2024,23,Qatar Grand Prix,McLaren,NOR,PIA,NOR-PIA,25.581,36.0
2024,2022-2024,23,Qatar Grand Prix,McLaren,NOR,PIA,NOR-PIA,28.854,37.0
2024,2022-2024,23,Qatar Grand Prix,McLaren,NOR,PIA,NOR-PIA,36.023,45.0
2024,2022-2024,23,Qatar Grand Prix,McLaren,PIA,NOR,NOR-PIA,27.673000000000002,34.0
2024,2022-2024,23,Qatar Grand Prix,McLaren,PIA,NOR,NOR-PIA,22.887,36.0
2024,2022-2024,23,Qatar Grand Prix,McLaren,PIA,NOR,NOR-PIA,29.222,37.0
2024,2022-2024,23,Qatar Grand Prix,Mercedes,HAM,RUS,HAM-RUS,37.996,34.0
2024,2022-2024,23,Qatar Grand Prix,Mercedes,HAM,RUS,HAM-RUS,23.629,35.0
2024,2022-2024,23,Qatar Grand Prix,Mercedes,HAM,RUS,HAM-RUS,26.863,36.0
2024,2022-2024,23,Qatar Grand Prix,Mercedes,HAM,RUS,HAM-RUS,22.735,47.0
2024,2022-2024,23,Qatar Grand Prix,Mercedes,RUS,HAM,HAM-RUS,32.301,23.0
2024,2022-2024,23,Qatar Grand Prix,Mercedes,RUS,HAM,HAM-RUS,27.797,35.0
2024,2022-2024,23,Qatar Grand Prix,Mercedes,RUS,HAM,HAM-RUS,22.725,36.0
2024,2022-2024,23,Qatar Grand Prix,Mercedes,RUS,HAM,HAM-RUS,34.082,37.0
2024,2022-2024,23,Qatar Grand Prix,RB,LAW,TSU,LAW-TSU,45.045,35.0
2024,2022-2024,23,Qatar Grand Prix,RB,LAW,TSU,LAW-TSU,22.765,36.0
2024,2022-2024,23,Qatar Grand Prix,RB,LAW,TSU,LAW-TSU,26.797,37.0
2024,2022-2024,23,Qatar Grand Prix,RB,LAW,TSU,LAW-TSU,34.713,40.0
2024,2022-2024,23,Qatar Grand Prix,RB,TSU,LAW,LAW-TSU,28.906,35.0
2024,2022-2024,23,Qatar Grand Prix,RB,TSU,LAW,LAW-TSU,22.821,36.0
2024,2022-2024,23,Qatar Grand Prix,RB,TSU,LAW,LAW-TSU,35.897,37.0
2024,2022-2024,23,Qatar Grand Prix,RB,TSU,LAW,LAW-TSU,29.188,40.0
2024,2022-2024,23,Qatar Grand Prix,Red Bull Racing,PER,VER,PER-VER,28.035,35.0
2024,2022-2024,23,Qatar Grand Prix,Red Bull Racing,PER,VER,PER-VER,22.806,36.0
2024,2022-2024,23,Qatar Grand Prix,Red Bull Racing,PER,VER,PER-VER,29.447,37.0
2024,2022-2024,23,Qatar Grand Prix,Red Bull Racing,VER,PER,PER-VER,28.317,35.0
2024,2022-2024,23,Qatar Grand Prix,Red Bull Racing,VER,PER,PER-VER,23.946,36.0
2024,2022-2024,23,Qatar Grand Prix,Red Bull Racing,VER,PER,PER-VER,22.853,37.0
2024,2022-2024,24,Abu Dhabi Grand Prix,Alpine,DOO,GAS,DOO-GAS,22.066,22.0
2024,2022-2024,24,Abu Dhabi Grand Prix,Alpine,GAS,DOO,DOO-GAS,21.987,14.0
2024,2022-2024,24,Abu Dhabi Grand Prix,Aston Martin,ALO,STR,ALO-STR,23.747,13.0
2024,2022-2024,24,Abu Dhabi Grand Prix,Aston Martin,ALO,STR,ALO-STR,22.35,37.0
2024,2022-2024,24,Abu Dhabi Grand Prix,Aston Martin,STR,ALO,ALO-STR,23.265,11.0
2024,2022-2024,24,Abu Dhabi Grand Prix,Aston Martin,STR,ALO,ALO-STR,22.01,32.0
2024,2022-2024,24,Abu Dhabi Grand Prix,Ferrari,LEC,SAI,LEC-SAI,21.933,20.0
2024,2022-2024,24,Abu Dhabi Grand Prix,Ferrari,SAI,LEC,LEC-SAI,21.393,25.0
2024,2022-2024,24,Abu Dhabi Grand Prix,Haas F1 Team,HUL,MAG,HUL-MAG,21.575,13.0
2024,2022-2024,24,Abu Dhabi Grand Prix,Haas F1 Team,MAG,HUL,HUL-MAG,26.412,12.0
2024,2022-2024,24,Abu Dhabi Grand Prix,Haas F1 Team,MAG,HUL,HUL-MAG,21.64,29.0
2024,2022-2024,24,Abu Dhabi Grand Prix,Haas F1 Team,MAG,HUL,HUL-MAG,22.732,30.0
2024,2022-2024,24,Abu Dhabi Grand Prix,Haas F1 Team,MAG,HUL,HUL-MAG,22.032,55.0
2024,2022-2024,24,Abu Dhabi Grand Prix,Kick Sauber,BOT,ZHO,BOT-ZHO,41.098,6.0
2024,2022-2024,24,Abu Dhabi Grand Prix,Kick Sauber,ZHO,BOT,BOT-ZHO,22.978,12.0
2024,2022-2024,24,Abu Dhabi Grand Prix,Kick Sauber,ZHO,BOT,BOT-ZHO,28.854,39.0
2024,2022-2024,24,Abu Dhabi Grand Prix,McLaren,NOR,PIA,NOR-PIA,21.406,26.0
2024,2022-2024,24,Abu Dhabi Grand Prix,McLaren,PIA,NOR,NOR-PIA,23.581,4.0
2024,2022-2024,24,Abu Dhabi Grand Prix,McLaren,PIA,NOR,NOR-PIA,32.798,32.0
2024,2022-2024,24,Abu Dhabi Grand Prix,Mercedes,HAM,RUS,HAM-RUS,21.693,34.0
2024,2022-2024,24,Abu Dhabi Grand Prix,Mercedes,RUS,HAM,HAM-RUS,21.389,26.0
2024,2022-2024,24,Abu Dhabi Grand Prix,RB,LAW,TSU,LAW-TSU,23.456,23.0
2024,2022-2024,24,Abu Dhabi Grand Prix,RB,LAW,TSU,LAW-TSU,22.486,24.0
2024,2022-2024,24,Abu Dhabi Grand Prix,RB,LAW,TSU,LAW-TSU,32.26,29.0
2024,2022-2024,24,Abu Dhabi Grand Prix,RB,TSU,LAW,LAW-TSU,21.809,22.0
2024,2022-2024,24,Abu Dhabi Grand Prix,Williams,ALB,COL,ALB-COL,22.054,12.0
2024,2022-2024,24,Abu Dhabi Grand Prix,Williams,COL,ALB,ALB-COL,24.951999999999998,3.0
